City_ID,City,Country,Date,Lat,Lng,Max Temp,Humidity,Cloudiness,Wind Speed
0,Punta Arenas,CL,2022-02-06 12:31:37,-53.15,-70.9167,53.71,76,75,8.05
1,Anadyr,RU,2022-02-06 12:31:46,64.75,177.4833,-16.1,83,0,8.95
2,New Norfolk,AU,2022-02-06 12:31:46,-42.7826,147.0587,56.7,52,89,1.41
3,Mataura,NZ,2022-02-06 12:31:47,-46.1927,168.8643,45.48,97,0,1.79
4,Hobart,AU,2022-02-06 12:28:07,-42.8794,147.3294,58.05,80,20,1.99
5,Tiksi,RU,2022-02-06 12:31:47,71.6872,128.8694,-17.97,98,100,3.49
6,Avarua,CK,2022-02-06 12:31:48,-21.2078,-159.775,71.65,94,40,5.75
7,Provideniya,RU,2022-02-06 12:31:48,64.3833,-173.3,-3.06,73,0,11.03
8,Saint-Leu,RE,2022-02-06 12:31:49,-21.15,55.2833,85.06,72,100,1.41
9,Arlit,NE,2022-02-06 12:31:49,18.7369,7.3853,81.99,6,0,5.12
10,Castro,BR,2022-02-06 12:31:50,-24.7911,-50.0119,70.52,84,97,6.69
11,Arraial Do Cabo,BR,2022-02-06 12:31:50,-22.9661,-42.0278,84.16,65,0,19.57
12,Ladario,BR,2022-02-06 12:31:51,-19.0047,-57.6017,73.69,100,100,4.61
13,Zhuhai,CN,2022-02-06 12:31:51,22.2769,113.5678,62.98,82,40,3.44
14,Barrow,US,2022-02-06 12:31:07,71.2906,-156.7887,-18.38,69,75,3.44
15,Lavrentiya,RU,2022-02-06 12:31:52,65.5833,-171.0,-13.63,87,4,8.03
16,La Ronge,CA,2022-02-06 12:31:52,55.1001,-105.2842,-9.15,84,0,4.61
17,Katsuura,JP,2022-02-06 12:31:53,35.1333,140.3,37.51,40,0,16.91
18,Pangnirtung,CA,2022-02-06 12:31:53,66.1451,-65.7125,-35.01,88,94,5.3
19,Vardo,NO,2022-02-06 12:31:53,70.3705,31.1107,25.0,79,74,23.11
20,Bengkulu,ID,2022-02-06 12:31:54,-3.8004,102.2655,78.3,80,97,8.46
21,Albany,US,2022-02-06 12:31:54,42.6001,-73.9662,6.8,77,17,1.79
22,Tasiilaq,GL,2022-02-06 12:31:55,65.6145,-37.6368,19.56,61,100,13.02
23,Chapais,CA,2022-02-06 12:31:55,49.7834,-74.8492,-16.82,95,100,8.46
24,Sakakah,SA,2022-02-06 12:31:56,29.9697,40.2064,60.37,37,6,10.83
25,Xining,CN,2022-02-06 12:31:56,36.6167,101.7667,14.22,73,0,2.26
26,Ribeira Grande,PT,2022-02-06 12:31:57,38.5167,-28.7,63.0,72,40,14.97
27,Tuktoyaktuk,CA,2022-02-06 12:31:57,69.4541,-133.0374,-15.93,98,100,9.98
28,Busselton,AU,2022-02-06 12:31:58,-33.65,115.3333,56.08,75,51,17.6
29,Pacific Grove,US,2022-02-06 12:31:59,36.6177,-121.9166,54.28,68,0,5.75
30,Ushuaia,AR,2022-02-06 12:31:59,-54.8,-68.3,47.86,71,0,2.3
31,Hermanus,ZA,2022-02-06 12:32:00,-34.4187,19.2345,89.91,59,27,9.06
32,Cape Town,ZA,2022-02-06 12:30:15,-33.9258,18.4232,91.11,34,0,17.27
33,Guangyuan,CN,2022-02-06 12:32:00,32.442,105.823,37.63,76,78,3.56
34,Shitanjing,CN,2022-02-06 12:32:01,39.2342,106.3439,19.0,51,100,6.4
35,Thompson,CA,2022-02-06 12:30:24,55.7435,-97.8558,-34.44,74,75,0.0
36,Leshukonskoye,RU,2022-02-06 12:32:01,64.8989,45.7622,13.89,93,100,9.35
37,Nome,US,2022-02-06 12:32:02,64.5011,-165.4064,1.47,46,0,19.57
38,Mar Del Plata,AR,2022-02-06 12:32:02,-38.0023,-57.5575,64.87,87,75,7.0
39,Vila Franca Do Campo,PT,2022-02-06 12:32:03,37.7167,-25.4333,66.2,85,100,15.46
40,Alta Gracia,AR,2022-02-06 12:32:03,-31.6529,-64.4283,65.52,44,0,2.04
41,Port Alfred,ZA,2022-02-06 12:32:04,-33.5906,26.891,80.6,70,0,29.93
42,Hithadhoo,MV,2022-02-06 12:32:04,-0.6,73.0833,82.92,70,31,11.03
43,Solnechnyy,RU,2022-02-06 12:32:05,50.7214,136.6319,-1.12,97,99,2.26
44,Vaini,TO,2022-02-06 12:32:05,-21.2,-175.2,75.36,94,100,16.11
45,Caravelas,BR,2022-02-06 12:32:05,-17.7125,-39.2481,85.46,57,0,7.78
46,Alghero,IT,2022-02-06 12:32:06,40.5589,8.3181,59.99,77,40,11.5
47,Coahuayana,MX,2022-02-06 12:32:06,18.7333,-103.6833,66.25,66,11,3.96
48,Liberal,US,2022-02-06 12:32:07,37.0431,-100.921,30.47,74,0,14.97
49,Georgetown,MY,2022-02-06 12:30:13,5.4112,100.3354,84.13,91,40,4.61
50,Nelson Bay,AU,2022-02-06 12:33:07,-32.7167,152.15,72.0,76,88,3.0
51,Fortuna,US,2022-02-06 12:29:36,40.5982,-124.1573,40.12,93,0,8.05
52,Rorvik,NO,2022-02-06 12:33:08,64.8621,11.2373,33.91,80,75,11.5
53,Avera,US,2022-02-06 12:33:09,33.194,-82.5271,36.91,54,0,10.11
54,Daokou,CN,2022-02-06 12:33:09,35.5639,114.5058,36.18,26,100,3.94
55,Khatanga,RU,2022-02-06 12:33:10,71.9667,102.5,-21.48,98,94,7.92
56,Termoli,IT,2022-02-06 12:33:10,41.9888,14.9895,60.57,59,0,9.28
57,Bluff,NZ,2022-02-06 12:33:10,-46.6,168.3333,45.81,73,0,7.9
58,Hasaki,JP,2022-02-06 12:32:47,35.7333,140.8333,30.6,37,0,17.98
59,Norman Wells,CA,2022-02-06 12:33:11,65.282,-126.8329,-16.56,69,75,8.05
60,Atuona,PF,2022-02-06 12:33:11,-9.8,-139.0333,78.51,75,20,20.58
61,Karratha,AU,2022-02-06 12:33:12,-20.7377,116.8463,84.92,78,20,13.67
62,Roald,NO,2022-02-06 12:33:13,62.5833,6.1333,38.91,87,75,20.71
63,Kencong,ID,2022-02-06 12:33:13,-8.2833,113.3667,76.93,91,100,1.9
64,Champerico,GT,2022-02-06 12:33:14,14.3,-91.9167,76.03,65,6,3.87
65,Soe,ID,2022-02-06 12:33:14,-9.8607,124.284,68.97,93,93,2.53
66,Chokurdakh,RU,2022-02-06 12:33:15,70.6333,147.9167,-37.98,100,98,1.81
67,Vostok,RU,2022-02-06 12:33:15,46.4856,135.8833,-9.02,99,99,3.49
68,East London,ZA,2022-02-06 12:33:16,-33.0153,27.9116,79.74,73,20,20.71
69,Bredasdorp,ZA,2022-02-06 12:33:16,-34.5322,20.0403,84.27,54,64,10.36
70,Yendi,GH,2022-02-06 12:33:17,9.4427,-0.0099,97.5,9,0,4.38
71,Rikitea,PF,2022-02-06 12:33:17,-23.1203,-134.9692,78.66,72,100,17.13
72,Codrington,AU,2022-02-06 12:33:18,-38.2667,141.9667,65.28,58,0,13.49
73,San Policarpo,PH,2022-02-06 12:33:18,12.1791,125.5072,80.98,73,6,15.99
74,Port Elizabeth,ZA,2022-02-06 12:33:19,-33.918,25.5701,96.1,69,0,21.85
75,Palatka,US,2022-02-06 12:33:19,29.6486,-81.6376,56.97,84,100,8.99
76,Goderich,CA,2022-02-06 12:33:19,43.7501,-81.7165,22.91,73,100,23.02
77,Yar-Sale,RU,2022-02-06 12:33:13,66.8333,70.8333,-16.96,100,70,4.85
78,Chermoz,RU,2022-02-06 12:32:16,58.787,56.1489,20.8,83,100,10.0
79,Matay,EG,2022-02-06 12:33:20,28.419,30.7792,67.1,30,0,9.15
80,Kavieng,PG,2022-02-06 12:33:20,-2.5744,150.7967,82.18,77,100,5.73
81,Tuatapere,NZ,2022-02-06 12:33:21,-46.1333,167.6833,45.82,90,1,3.74
82,Oliveira Dos Brejinhos,BR,2022-02-06 12:33:21,-12.3169,-42.8961,78.31,66,100,3.15
83,Saskylakh,RU,2022-02-06 12:33:22,71.9167,114.0833,-27.17,100,98,1.5
84,Plastun,RU,2022-02-06 12:33:22,44.7561,136.2939,6.66,70,15,9.95
85,Douentza,ML,2022-02-06 12:33:22,14.9951,-2.9517,86.23,7,0,11.7
86,Bilibino,RU,2022-02-06 12:33:23,68.0546,166.4372,-17.81,79,17,4.29
87,Batemans Bay,AU,2022-02-06 12:33:23,-35.7167,150.1833,66.9,86,99,8.25
88,Shihezi,CN,2022-02-06 12:33:24,44.3,86.0333,2.35,97,78,4.14
89,Sao Joao Da Barra,BR,2022-02-06 12:33:24,-21.6403,-41.0511,84.29,77,0,13.04
90,Mount Gambier,AU,2022-02-06 12:33:25,-37.8333,140.7667,69.71,60,3,11.5
91,Sunland Park,US,2022-02-06 12:33:25,31.7965,-106.58,38.55,48,0,7.0
92,Kapaa,US,2022-02-06 12:33:26,22.0752,-159.319,71.92,85,75,6.91
93,Victoria,HK,2022-02-06 12:33:27,22.2855,114.1577,64.45,81,100,1.99
94,Hilo,US,2022-02-06 12:29:49,19.7297,-155.09,68.79,95,0,5.75
95,Hambantota,LK,2022-02-06 12:34:27,6.1241,81.1185,84.54,79,20,3.44
96,Takoradi,GH,2022-02-06 12:34:28,4.8845,-1.7554,84.56,62,79,8.95
97,Upernavik,GL,2022-02-06 12:34:28,72.7868,-56.1549,-5.85,95,100,4.03
98,Tazovskiy,RU,2022-02-06 12:34:29,67.4667,78.7,-21.28,100,83,5.46
99,Ahome,MX,2022-02-06 12:34:29,25.9167,-109.1833,54.12,81,1,4.18
100,Sao Joao Do Piaui,BR,2022-02-06 12:34:30,-8.3581,-42.2467,90.34,36,100,5.84
101,Seoul,KR,2022-02-06 12:32:07,37.5683,126.9778,29.59,47,0,9.22
102,Koumac,NC,2022-02-06 12:34:31,-20.5667,164.2833,78.13,86,100,2.04
103,Tessalit,ML,2022-02-06 12:34:31,20.1986,1.0114,78.53,7,0,7.7
104,Tezu,IN,2022-02-06 12:34:31,27.9167,96.1667,54.72,94,42,2.06
105,Los Barrios,ES,2022-02-06 12:34:32,36.1848,-5.4921,66.11,77,40,18.41
106,Cabo San Lucas,MX,2022-02-06 12:30:09,22.8909,-109.9124,64.51,80,100,5.14
107,Marienburg,PL,2022-02-06 12:34:33,54.0359,19.0266,44.11,97,100,18.05
108,Qaanaaq,GL,2022-02-06 12:34:33,77.484,-69.3632,-11.07,74,97,8.21
109,Mutsu,JP,2022-02-06 12:34:33,41.2894,141.2169,25.0,67,93,14.09
110,Ancud,CL,2022-02-06 12:34:34,-41.8697,-73.8203,65.23,73,9,2.98
111,Lorengau,PG,2022-02-06 12:34:34,-2.0226,147.2712,81.52,80,100,8.21
112,Taoudenni,ML,2022-02-06 12:34:35,22.6783,-3.9836,80.65,8,100,9.42
113,Shelopugino,RU,2022-02-06 12:34:36,51.6514,117.5599,-13.09,100,48,3.6
114,Iqaluit,CA,2022-02-06 12:34:36,63.7506,-68.5145,-34.31,65,75,4.0
115,Shimanovsk,RU,2022-02-06 12:32:14,52.0,127.7,-4.81,95,100,3.15
116,Finnsnes,NO,2022-02-06 12:34:37,69.2296,17.9811,30.16,90,100,6.17
117,Chuy,UY,2022-02-06 12:34:37,-33.6971,-53.4616,59.77,92,100,12.28
118,Almaznyy,RU,2022-02-06 12:34:37,48.0448,40.045,28.54,89,100,9.06
119,Porbandar,IN,2022-02-06 12:34:38,21.6422,69.6093,71.85,56,6,10.16
120,Natitingou,BJ,2022-02-06 12:34:38,10.3042,1.3796,86.05,10,0,4.92
121,Westport,US,2022-02-06 12:31:16,41.1415,-73.3579,18.75,59,0,4.61
122,Amahai,ID,2022-02-06 12:34:39,-3.3333,128.9167,80.24,79,93,3.65
123,Luocheng,CN,2022-02-06 12:34:39,29.3848,104.0286,41.99,91,100,5.03
124,Sao Felix Do Xingu,BR,2022-02-06 12:34:40,-6.6447,-51.995,80.73,77,100,1.63
125,Manono,CD,2022-02-06 12:34:40,-7.3,27.4167,80.91,71,100,5.21
126,Marsh Harbour,BS,2022-02-06 12:34:40,26.5412,-77.0636,73.27,76,90,11.99
127,Macaubas,BR,2022-02-06 12:34:41,-13.0194,-42.6986,69.78,91,100,1.68
128,Lagoa Santa,BR,2022-02-06 12:34:41,-19.6272,-43.8897,73.62,94,75,2.3
129,Dikson,RU,2022-02-06 12:34:42,73.5069,80.5464,-23.84,100,95,6.33
130,Los Llanos De Aridane,ES,2022-02-06 12:34:42,28.6585,-17.9182,65.95,73,20,12.66
131,Esperance,AU,2022-02-06 12:34:42,-33.8667,121.9,93.04,36,23,26.15
132,Urumqi,CN,2022-02-06 12:34:43,43.801,87.6005,2.35,78,4,2.24
133,Jamestown,US,2022-02-06 12:34:43,42.097,-79.2353,15.71,65,0,1.01
134,Isangel,VU,2022-02-06 12:34:44,-19.55,169.2667,80.71,89,40,0.0
135,Cururupu,BR,2022-02-06 12:34:24,-1.8283,-44.8683,82.92,76,78,6.13
136,Ignatovka,RU,2022-02-06 12:34:44,53.9479,47.6536,17.89,95,100,5.3
137,Praya,CV,2022-02-06 12:34:45,14.9215,-23.5087,79.34,47,20,18.41
138,Krasnoselkup,RU,2022-02-06 12:34:45,65.7,82.4667,-18.26,100,53,7.27
139,Richards Bay,ZA,2022-02-06 12:31:09,-28.783,32.0377,77.58,80,25,11.18
140,Pevek,RU,2022-02-06 12:35:46,69.7008,170.3133,-25.02,100,29,1.36
141,Thinadhoo,MV,2022-02-06 12:35:46,0.5333,72.9333,82.74,69,7,10.27
142,Jijiga,ET,2022-02-06 12:35:47,9.35,42.8,78.1,21,91,18.01
143,Leningradskiy,RU,2022-02-06 12:35:47,69.3833,178.4167,-22.86,97,29,5.26
144,Jaisinghnagar,IN,2022-02-06 12:35:48,23.7,81.3833,65.01,25,0,6.04
145,Butaritari,KI,2022-02-06 12:35:48,3.0707,172.7902,81.14,78,53,15.64
146,Ust-Nera,RU,2022-02-06 12:35:48,64.5667,143.2,-22.95,73,7,2.59
147,Rafaela,AR,2022-02-06 12:35:49,-31.2503,-61.4867,71.01,45,0,1.99
148,Smolenka,RU,2022-02-06 12:35:49,52.1352,113.4974,12.27,79,20,6.71
149,Te Anau,NZ,2022-02-06 12:35:50,-45.4167,167.7167,42.26,90,0,3.33
150,Naya Bazar,IN,2022-02-06 12:35:50,27.1333,88.2667,54.01,95,100,2.24
151,Bethel,US,2022-02-06 12:35:50,41.3712,-73.414,16.92,77,0,0.0
152,Abu Samrah,SY,2022-02-06 12:35:51,35.3029,37.1841,53.92,62,100,18.37
153,Leua,SK,2022-02-06 12:35:51,48.2156,18.6071,45.34,68,100,10.2
154,Diamantino,BR,2022-02-06 12:35:52,-14.4086,-56.4461,80.6,82,100,2.48
155,Christchurch,NZ,2022-02-06 12:35:52,-43.5333,172.6333,55.99,82,100,3.44
156,Vestmanna,FO,2022-02-06 12:35:53,62.1564,-7.1664,31.12,100,100,18.41
157,Dingle,PH,2022-02-06 12:35:53,10.9995,122.6711,76.5,83,16,11.72
158,Aschaffenburg,DE,2022-02-06 12:35:54,49.9739,9.1492,44.11,93,100,21.68
159,Narsaq,GL,2022-02-06 12:35:54,60.9167,-46.05,5.22,63,100,3.13
160,Rawson,AR,2022-02-06 12:35:54,-43.3002,-65.1023,67.42,46,0,12.19
161,Pitimbu,BR,2022-02-06 12:35:55,-7.4706,-34.8086,84.79,55,78,7.29
162,Muravlenko,RU,2022-02-06 12:35:55,63.7898,74.523,-12.91,100,54,7.61
163,Chernyshevskiy,RU,2022-02-06 12:35:56,63.0128,112.4714,-3.69,99,100,3.0
164,Kodiak,US,2022-02-06 12:35:56,57.79,-152.4072,38.71,70,100,16.11
165,Plettenberg Bay,ZA,2022-02-06 12:35:56,-34.0527,23.3716,79.36,62,14,7.31
166,Cherskiy,RU,2022-02-06 12:33:12,68.75,161.3,-29.69,100,42,1.01
167,Mahebourg,MU,2022-02-06 12:35:57,-20.4081,57.7,84.49,74,75,16.11
168,Pisco,PE,2022-02-06 12:35:01,-13.7,-76.2167,67.01,88,100,3.44
169,Kanigoro,ID,2022-02-06 12:35:58,-8.13,112.219,74.57,97,100,2.91
170,Aklavik,CA,2022-02-06 12:35:58,68.2191,-135.0107,-17.57,95,100,14.67
171,Chilca,PE,2022-02-06 12:35:58,-12.5211,-76.7372,68.85,86,98,1.97
172,Salalah,OM,2022-02-06 12:35:59,17.0151,54.0924,80.69,65,0,9.22
173,Sitka,US,2022-02-06 12:36:00,57.0531,-135.33,44.49,76,100,20.71
174,Bukama,CD,2022-02-06 12:36:01,-9.2,25.85,75.27,88,100,3.09
175,Maceio,BR,2022-02-06 12:36:01,-9.6658,-35.7353,85.44,61,40,3.44
176,Moree,AU,2022-02-06 12:36:02,-29.4667,149.85,69.82,52,17,12.66
177,Auburn Hills,US,2022-02-06 12:35:20,42.6875,-83.2341,16.59,87,0,4.0
178,Mackay,AU,2022-02-06 12:35:20,-21.15,149.2,78.78,65,100,21.85
179,Cockburn Town,TC,2022-02-06 12:31:21,21.4612,-71.1419,75.16,53,40,12.66
180,Lucapa,AO,2022-02-06 12:36:03,-8.4192,20.7447,80.4,61,45,3.2
181,Iwanai,JP,2022-02-06 12:36:04,42.9744,140.5089,24.26,86,100,9.35
182,Haines Junction,CA,2022-02-06 12:36:04,60.7522,-137.5108,30.15,93,100,6.91
183,Flinders,AU,2022-02-06 12:36:04,-34.5833,150.8552,68.38,78,86,7.0
184,Hami,CN,2022-02-06 12:37:05,42.8,93.45,29.46,29,98,15.48
185,Saint George,US,2022-02-06 12:37:05,37.1041,-113.5841,43.36,43,0,0.0
186,Bathsheba,BB,2022-02-06 12:37:06,13.2167,-59.5167,79.41,78,20,14.97
187,Mancio Lima,BR,2022-02-06 12:37:06,-7.6142,-72.8958,78.26,79,100,3.04
188,Erdenet,MN,2022-02-06 12:37:06,49.0333,104.0833,-1.8,90,26,4.14
189,Tommot,RU,2022-02-06 12:37:07,58.9564,126.2925,-20.24,99,70,2.13
190,Del Rio,US,2022-02-06 12:37:08,29.3627,-100.8968,35.71,56,0,8.05
191,San Cristobal,VE,2022-02-06 12:37:08,7.7669,-72.225,64.58,86,95,1.5
192,Nanortalik,GL,2022-02-06 12:37:09,60.1432,-45.2371,13.32,53,100,14.09
193,Dicabisagan,PH,2022-02-06 12:37:09,17.0818,122.4157,74.07,88,100,11.97
194,Ahuimanu,US,2022-02-06 12:37:09,21.4447,-157.8378,73.11,82,40,1.99
195,Ngawen,ID,2022-02-06 12:37:10,-7.0032,111.3129,77.32,88,100,5.59
196,Kodinsk,RU,2022-02-06 12:37:10,58.6881,99.1844,9.7,99,100,2.57
197,Lompoc,US,2022-02-06 12:37:11,34.6391,-120.4579,55.56,80,0,4.61
198,Wewak,PG,2022-02-06 12:37:11,-3.5534,143.6268,80.83,85,100,13.76
199,Saint-Georges,GD,2022-02-06 12:37:12,12.0564,-61.7485,82.08,74,20,5.75
200,Longyearbyen,SJ,2022-02-06 12:37:12,78.2186,15.6401,21.04,63,75,16.11
201,Torbay,CA,2022-02-06 12:35:31,47.6666,-52.7314,18.57,89,100,24.16
202,Mayumba,GA,2022-02-06 12:37:13,-3.432,10.6554,82.49,72,22,8.46
203,Ugoofaaru,MV,2022-02-06 12:37:13,5.6667,73.0,81.63,64,100,11.18
204,Dakoro,NE,2022-02-06 12:37:14,14.5106,6.765,83.55,7,0,17.0
205,Lukovetskiy,RU,2022-02-06 12:37:14,64.2956,41.9211,10.38,92,100,8.28
206,Priladozhskiy,RU,2022-02-06 12:37:15,59.85,31.4833,32.63,85,100,10.85
207,Mount Isa,AU,2022-02-06 12:37:15,-20.7333,139.5,83.97,45,75,6.91
208,Faya,SA,2022-02-06 12:37:15,18.3851,42.4509,66.31,52,4,10.74
209,Kruisfontein,ZA,2022-02-06 12:37:16,-34.0033,24.7314,93.88,26,99,10.63
210,Ahipara,NZ,2022-02-06 12:37:16,-35.1667,173.1667,72.14,98,100,7.45
211,Rize,TR,2022-02-06 12:37:17,40.9044,40.8949,24.19,89,100,5.23
212,Guerrero Negro,MX,2022-02-06 12:35:31,27.9769,-114.0611,55.0,52,0,2.19
213,Kieta,PG,2022-02-06 12:37:17,-6.2167,155.6333,81.43,82,100,8.43
214,Ozoir-La-Ferriere,FR,2022-02-06 12:37:18,48.767,2.6687,51.19,93,100,13.0
215,Nyuksenitsa,RU,2022-02-06 12:37:18,60.4128,44.2397,17.42,97,100,2.55
216,Zilupe,LV,2022-02-06 12:37:19,56.3862,28.1217,32.29,96,100,12.35
217,Goundam,ML,2022-02-06 12:37:19,16.4145,-3.6708,84.97,7,0,14.05
218,Worcester,US,2022-02-06 12:34:13,42.3334,-71.8328,9.46,83,0,1.01
219,Waipawa,NZ,2022-02-06 12:37:20,-41.4122,175.5153,56.44,77,100,11.16
220,Mbanza-Ngungu,CD,2022-02-06 12:37:20,-5.25,14.8667,81.0,68,24,5.12
221,Bichura,RU,2022-02-06 12:37:21,50.5881,107.6022,5.72,89,83,4.56
222,Karpathos,GR,2022-02-06 12:37:21,35.507,27.2132,64.36,36,20,9.22
223,Skibbereen,IE,2022-02-06 12:37:22,51.55,-9.2667,52.11,88,100,24.63
224,Klaksvik,FO,2022-02-06 12:37:22,62.2266,-6.589,32.92,64,98,31.72
225,Ternate,ID,2022-02-06 12:37:22,0.8,127.4,81.28,80,100,8.46
226,Wenatchee,US,2022-02-06 12:37:23,47.4235,-120.3103,35.22,100,100,0.0
227,Grand Gaube,MU,2022-02-06 12:37:23,-20.0064,57.6608,84.6,77,80,8.99
228,Maine-Soroa,NE,2022-02-06 12:37:24,13.2114,12.0241,82.4,13,0,16.49
229,Verkhnevilyuysk,RU,2022-02-06 12:37:24,63.4453,120.3167,-8.07,99,99,4.38
230,Traiguen,CL,2022-02-06 12:37:25,-38.25,-72.6833,64.65,44,5,4.56
231,Ponta Delgada,PT,2022-02-06 12:38:25,37.7333,-25.6667,66.51,82,20,16.11
232,Sabang,ID,2022-02-06 12:38:26,5.8933,95.3214,81.79,75,100,11.97
233,Gambiran,ID,2022-02-06 12:38:26,-6.7988,111.4951,77.92,87,100,8.1
234,Yellowknife,CA,2022-02-06 12:38:27,62.456,-114.3525,-15.59,86,0,9.22
235,Kerrville,US,2022-02-06 12:38:27,30.0474,-99.1403,30.94,84,0,0.0
236,Clyde River,CA,2022-02-06 12:38:28,70.4692,-68.5914,-34.37,67,0,4.61
237,Agadir,MA,2022-02-06 12:38:28,30.4202,-9.5982,81.05,37,40,4.81
238,Lebu,CL,2022-02-06 12:38:29,-37.6167,-73.65,63.55,62,0,12.71
239,Kholodnyy,RU,2022-02-06 12:38:29,62.7167,147.95,-27.9,78,9,1.32
240,Todos Santos,MX,2022-02-06 12:38:29,23.45,-110.2167,64.0,79,25,6.35
241,Pokrovskoye,RU,2022-02-06 12:38:30,47.4157,38.8971,29.8,81,100,13.4
242,Usakos,NA,2022-02-06 12:38:30,-22.0,15.6,82.83,49,100,7.76
243,Namibe,AO,2022-02-06 12:38:31,-15.1961,12.1522,79.43,65,40,17.27
244,Ilulissat,GL,2022-02-06 12:38:31,69.2167,-51.1,1.42,39,100,14.97
245,Vila,PT,2022-02-06 12:38:32,42.0304,-8.1588,48.33,46,37,5.17
246,Davila,PH,2022-02-06 12:38:32,18.4726,120.5763,76.98,79,15,13.58
247,Husavik,IS,2022-02-06 12:38:33,66.0449,-17.3389,26.51,79,100,18.41
248,Raudeberg,NO,2022-02-06 12:38:33,61.9875,5.1352,36.86,91,100,8.01
249,Altagracia De Orituco,VE,2022-02-06 12:38:34,9.8601,-66.3814,77.76,66,58,4.7
250,Dobrinka,RU,2022-02-06 12:38:35,52.1653,40.4731,25.92,95,96,7.38
251,Khandyga,RU,2022-02-06 12:38:35,62.6667,135.6,-37.52,99,100,2.53
252,Nemea,GR,2022-02-06 12:38:35,37.8167,22.6667,60.04,68,99,3.62
253,Puerto Cabezas,NI,2022-02-06 12:38:36,14.0351,-83.3888,71.56,94,75,0.0
254,Santo Augusto,BR,2022-02-06 12:38:36,-27.8508,-53.7772,65.66,59,0,9.6
255,Doha,QA,2022-02-06 12:35:20,25.2867,51.5333,70.11,40,0,17.27
256,Basoko,CD,2022-02-06 12:38:37,1.2391,23.616,96.64,26,36,1.28
257,Matara,LK,2022-02-06 12:38:37,5.9485,80.5353,78.51,76,46,1.59
258,Rio Grande,BR,2022-02-06 12:38:38,-32.035,-52.0986,71.71,64,7,16.6
259,Puerto Ayora,EC,2022-02-06 12:38:38,-0.7393,-90.3518,73.54,94,76,5.01
260,Vagay,RU,2022-02-06 12:38:38,57.9375,69.0217,14.61,95,100,3.78
261,Ponta Do Sol,PT,2022-02-06 12:38:39,32.6667,-17.1,70.12,54,9,12.88
262,Voyvozh,RU,2022-02-06 12:38:39,62.892,54.9635,12.85,91,91,8.97
263,Belaya Gora,RU,2022-02-06 12:38:40,68.5333,146.4167,-41.44,100,79,0.65
264,Nicoya,CR,2022-02-06 12:38:40,10.1483,-85.452,76.55,77,8,4.65
265,Vestmannaeyjar,IS,2022-02-06 12:38:41,63.4427,-20.2734,31.19,69,0,14.97
266,Sao Filipe,CV,2022-02-06 12:38:41,14.8961,-24.4956,73.9,68,0,7.16
267,Palauig,PH,2022-02-06 12:38:41,15.435,119.9045,78.6,72,52,3.96
268,Verkh-Usugli,RU,2022-02-06 12:38:42,52.7,115.1667,-7.62,98,64,3.22
269,Canaries,ES,2022-02-06 12:38:42,28.0,-15.5,64.36,64,20,19.57
270,Henties Bay,NA,2022-02-06 12:38:43,-22.116,14.2845,72.86,74,76,9.69
271,Saint-Philippe,RE,2022-02-06 12:38:43,-21.3585,55.7679,85.59,75,100,17.69
272,Zarate,AR,2022-02-06 12:38:44,-34.0981,-59.0286,62.04,75,0,13.0
273,Artyom,AZ,2022-02-06 12:38:44,40.4723,50.333,46.54,64,17,16.93
274,Goianesia,BR,2022-02-06 12:38:45,-15.3175,-49.1175,76.84,77,99,4.07
275,Wote,KE,2022-02-06 12:38:45,-1.7808,37.6288,86.13,32,93,10.63
276,Northam,GB,2022-02-06 12:38:45,51.0333,-4.2167,55.02,88,94,28.97
277,Road Town,VG,2022-02-06 12:36:55,18.4167,-64.6167,73.99,77,33,19.37
278,Carnarvon,AU,2022-02-06 12:39:46,-24.8667,113.6333,78.87,61,0,24.16
279,Tricase,IT,2022-02-06 12:39:47,39.9304,18.3553,59.83,72,57,4.23
280,Atar,MR,2022-02-06 12:39:47,20.5169,-13.0499,89.69,5,0,6.89
281,Hamilton,US,2022-02-06 12:39:48,39.1834,-84.5333,18.72,90,0,1.01
282,Ureki,GE,2022-02-06 12:39:48,41.9956,41.7786,42.76,95,100,2.98
283,Rock Sound,BS,2022-02-06 12:39:49,24.9,-76.2,74.86,68,43,16.69
284,Alyangula,AU,2022-02-06 12:36:18,-13.8483,136.4192,80.47,78,100,5.75
285,Saint-Augustin,CA,2022-02-06 12:39:49,51.226,-58.6502,-5.91,74,70,17.76
286,Sampit,ID,2022-02-06 12:39:50,-2.5333,112.95,75.87,95,100,0.78
287,Tuy Hoa,VN,2022-02-06 12:39:50,13.0833,109.3,73.36,91,100,7.56
288,Freeport,US,2022-02-06 12:38:35,40.6576,-73.5832,20.98,64,0,1.99
289,Mozarlandia,BR,2022-02-06 12:39:51,-14.7447,-50.5706,80.37,78,100,1.25
290,Teeli,RU,2022-02-06 12:39:51,51.0333,90.2333,-14.76,89,17,2.46
291,Islamkot,PK,2022-02-06 12:39:52,24.6997,70.177,76.15,29,0,13.24
292,Altay,CN,2022-02-06 12:39:53,47.8667,88.1167,8.8,48,0,10.04
293,Imperia,IT,2022-02-06 12:39:53,43.9667,7.7833,56.14,81,27,7.25
294,Banjar,ID,2022-02-06 12:39:53,-8.19,114.9675,80.46,93,100,3.33
295,Geraldton,AU,2022-02-06 12:39:54,-28.7667,114.6,72.01,60,75,21.85
296,Aksu,CN,2022-02-06 12:39:13,41.1231,80.2644,26.42,43,85,5.53
297,Vila Velha,BR,2022-02-06 12:34:58,-20.3297,-40.2925,85.95,74,40,13.0
298,Werda,BW,2022-02-06 12:39:55,-25.2667,23.2833,82.69,38,100,8.1
299,Cozumel,MX,2022-02-06 12:39:55,20.5083,-86.9458,73.47,82,40,6.91
300,Porto Novo,BJ,2022-02-06 12:39:56,6.4965,2.6036,89.42,45,7,11.56
301,Jaciara,BR,2022-02-06 12:39:57,-15.9653,-54.9683,77.88,86,100,2.04
302,Port Lincoln,AU,2022-02-06 12:39:57,-34.7333,135.8667,72.39,57,0,17.85
303,Mulchen,CL,2022-02-06 12:39:58,-37.7167,-72.2333,71.87,33,0,4.09
304,Lengshuitan,CN,2022-02-06 12:39:58,26.4111,111.5956,42.08,93,100,3.47
305,Natori,JP,2022-02-06 12:39:59,38.1691,140.8823,30.06,59,75,13.8
306,Cayenne,GF,2022-02-06 12:39:59,4.9333,-52.3333,81.09,84,75,5.99
307,Puerto Penasco,MX,2022-02-06 12:40:00,31.3167,-113.5333,57.07,32,1,8.28
308,Pueblo Nuevo,MX,2022-02-06 12:40:01,23.3833,-105.3833,47.52,80,100,2.86
309,The Valley,AI,2022-02-06 12:40:01,18.217,-63.0578,75.34,83,75,13.8
310,Hovd,MN,2022-02-06 12:40:02,48.0056,91.6419,-12.35,87,6,3.51
311,Bucerias,MX,2022-02-06 12:40:02,20.75,-105.3333,67.98,91,39,4.88
312,Kavaratti,IN,2022-02-06 12:40:03,10.5669,72.642,78.8,65,63,8.12
313,Talnakh,RU,2022-02-06 12:40:03,69.4865,88.3972,-25.44,100,51,1.43
314,Taltal,CL,2022-02-06 12:40:04,-25.4,-70.4833,68.32,71,1,3.22
315,Llangefni,GB,2022-02-06 12:40:04,53.2556,-4.3106,48.06,71,75,28.77
316,Leh,IN,2022-02-06 12:40:05,34.1667,77.5833,10.15,87,74,0.98
317,Ferkessedougou,CI,2022-02-06 12:40:05,9.6,-5.2,95.95,8,5,6.22
318,Nikolskoye,RU,2022-02-06 12:40:05,59.7035,30.7861,34.72,82,100,9.66
319,Massakory,TD,2022-02-06 12:40:06,12.996,15.7293,84.67,10,0,13.44
320,Mehamn,NO,2022-02-06 12:40:06,71.0357,27.8492,20.41,89,36,17.81
321,Koygorodok,RU,2022-02-06 12:41:07,60.445,50.9968,19.33,92,100,7.52
322,Ouadda,CF,2022-02-06 12:41:07,8.0777,22.4007,91.54,10,70,9.22
323,Garowe,SO,2022-02-06 12:41:08,8.4054,48.4845,89.8,18,100,6.22
324,Mapiri,BO,2022-02-06 12:41:08,-15.25,-68.1667,69.17,99,100,1.03
325,Souillac,MU,2022-02-06 12:41:09,-20.5167,57.5167,84.58,74,75,16.11
326,Bud,US,2022-02-06 12:41:09,39.447,-86.1758,17.83,94,5,6.4
327,Ola,RU,2022-02-06 12:41:10,59.5833,151.2833,-2.87,75,67,9.57
328,Shimoda,JP,2022-02-06 12:41:10,34.6667,138.95,37.11,66,80,10.56
329,Luau,AO,2022-02-06 12:41:11,-10.7073,22.2247,78.28,61,99,6.4
330,Polunochnoye,RU,2022-02-06 12:41:11,60.8697,60.4153,8.47,95,100,6.6
331,Najran,SA,2022-02-06 12:41:12,17.4924,44.1277,70.45,25,0,15.82
332,Kamloops,CA,2022-02-06 12:41:12,50.6665,-120.3192,33.58,92,100,3.44
333,Mabaruma,GY,2022-02-06 12:41:13,8.2,-59.7833,77.34,92,43,2.68
334,Assiniboia,CA,2022-02-06 12:41:13,49.6334,-105.9845,15.62,92,51,5.75
335,Grindavik,IS,2022-02-06 12:41:13,63.8424,-22.4338,31.95,80,40,13.8
336,Kutum,SD,2022-02-06 12:41:14,14.2,24.6667,72.43,9,18,13.29
337,Birjand,IR,2022-02-06 12:41:14,32.8663,59.2211,50.47,23,20,13.8
338,Severo-Kurilsk,RU,2022-02-06 12:41:15,50.6789,156.125,31.78,83,100,16.31
339,Constitucion,CL,2022-02-06 12:41:16,-35.3333,-72.4167,70.07,50,0,1.45
340,Sterling,US,2022-02-06 12:40:22,39.0062,-77.4286,23.9,79,0,0.0
341,Cidreira,BR,2022-02-06 12:41:16,-30.1811,-50.2056,76.24,67,13,14.92
342,Georgiyevskoye,RU,2022-02-06 12:41:17,58.731,45.024,18.55,91,100,3.09
343,Havelock,US,2022-02-06 12:41:17,34.8791,-76.9013,35.92,79,100,3.0
344,North Bend,US,2022-02-06 12:41:18,43.4065,-124.2243,46.08,94,0,4.61
345,Nuevo Progreso,MX,2022-02-06 12:41:18,23.1667,-97.95,52.47,61,7,4.29
346,Russell,US,2022-02-06 12:41:19,32.3502,-85.1999,35.2,83,2,6.15
347,Santa Cruz,BO,2022-02-06 12:41:19,-17.8,-63.1667,73.45,88,75,9.22
348,Hay River,CA,2022-02-06 12:39:07,60.8156,-115.7999,-4.02,77,75,9.22
349,Morro Bay,US,2022-02-06 12:41:20,35.3658,-120.8499,52.56,61,0,1.01
350,Nipawin,CA,2022-02-06 12:41:21,53.3668,-104.0009,-14.76,84,20,3.44
351,Lagoa,PT,2022-02-06 12:41:21,39.05,-27.9833,59.59,82,0,12.66
352,Olafsvik,IS,2022-02-06 12:41:22,64.8945,-23.7142,28.92,68,59,16.8
353,Kahului,US,2022-02-06 12:39:06,20.8947,-156.47,73.85,83,0,6.91
354,Melton,AU,2022-02-06 12:41:22,-37.6833,144.5833,67.68,72,0,5.14
355,Pangai,TO,2022-02-06 12:41:23,-19.8,-174.35,79.03,79,100,24.25
356,Lebyazhye,RU,2022-02-06 12:41:23,55.2689,66.4947,5.81,86,100,5.88
357,Viedma,AR,2022-02-06 12:41:23,-40.8135,-62.9967,63.03,48,63,7.02
358,Ozora,HU,2022-02-06 12:41:24,46.7513,18.4001,42.85,48,100,11.54
359,Darab,IR,2022-02-06 12:41:24,28.7519,54.5444,58.98,33,1,6.4
360,Faanui,PF,2022-02-06 12:41:25,-16.4833,-151.75,81.16,75,81,20.27
361,La Asuncion,VE,2022-02-06 12:41:26,11.0333,-63.8628,74.93,100,8,6.91
362,Akyab,MM,2022-02-06 12:41:00,20.15,92.9,70.56,51,100,20.2
363,Calabar,NG,2022-02-06 12:41:27,4.9517,8.322,95.31,34,12,7.76
364,Mafeteng,LS,2022-02-06 12:42:28,-29.823,27.2374,74.66,31,84,7.0
365,Sola,VU,2022-02-06 12:42:28,-13.8833,167.55,81.57,82,100,14.9
366,San Andres,CO,2022-02-06 12:39:14,12.5847,-81.7006,77.02,73,20,9.22
367,Gladstone,AU,2022-02-06 12:42:29,-23.85,151.25,75.13,57,100,13.8
368,Paracuru,BR,2022-02-06 12:42:29,-3.41,-39.0306,84.22,63,61,10.04
369,Qaqortoq,GL,2022-02-06 12:42:30,60.7167,-46.0333,5.5,60,100,4.94
370,Merauke,ID,2022-02-06 12:42:30,-8.4667,140.3333,82.04,81,100,8.1
371,Nioro,GM,2022-02-06 12:42:31,13.35,-15.75,98.71,7,3,7.74
372,Xudat,AZ,2022-02-06 12:42:31,41.631,48.681,40.26,62,16,4.34
373,Desaguadero,PE,2022-02-06 12:42:32,-16.5656,-69.0417,49.53,69,99,6.02
374,Juneau,US,2022-02-06 12:41:38,58.3019,-134.4197,39.85,99,100,8.99
375,Atyrau,KZ,2022-02-06 12:42:33,47.1167,51.8833,26.62,80,75,15.66
376,Bambous Virieux,MU,2022-02-06 12:42:34,-20.3428,57.7575,84.45,74,75,16.11
377,College,US,2022-02-06 12:42:35,64.8569,-147.8028,3.58,81,100,4.61
378,Puerto Del Rosario,ES,2022-02-06 12:42:35,28.5004,-13.8627,69.55,78,0,14.97
379,Ostrovnoy,RU,2022-02-06 12:42:36,68.0531,39.5131,14.41,81,100,22.32
380,Keti Bandar,PK,2022-02-06 12:42:36,24.1447,67.4497,72.23,58,0,13.8
381,Honnali,IN,2022-02-06 12:42:37,14.25,75.6667,81.57,39,78,8.66
382,Sao Jose Da Coroa Grande,BR,2022-02-06 12:42:37,-8.8978,-35.1478,84.24,61,100,9.69
383,Valley City,US,2022-02-06 12:42:38,46.9233,-98.0032,9.59,78,100,19.57
384,Padang,ID,2022-02-06 12:42:38,-0.9492,100.3543,80.65,75,100,1.79
385,Havre-Saint-Pierre,CA,2022-02-06 12:42:39,50.2334,-63.5986,-2.2,54,0,16.11
386,Huarmey,PE,2022-02-06 12:42:39,-10.0681,-78.1522,70.66,82,77,4.0
387,Dunedin,NZ,2022-02-06 12:42:39,-45.8742,170.5036,49.8,73,48,4.36
388,Chivilcoy,AR,2022-02-06 12:42:40,-34.8957,-60.0167,61.95,10,0,15.01
389,Callaguip,PH,2022-02-06 12:42:40,18.0714,120.4867,77.02,69,20,2.3
390,Hirara,JP,2022-02-06 12:42:41,24.8,125.2833,63.95,66,79,18.37
391,Nianzishan,CN,2022-02-06 12:42:41,47.5167,122.8833,5.94,77,70,4.21
392,Payo,ID,2022-02-06 12:42:42,-3.7508,103.6372,73.58,97,100,2.59
393,Marzuq,YE,2022-02-06 12:42:42,14.4,46.4667,79.16,20,11,8.1
394,Takhtamygda,RU,2022-02-06 12:42:43,54.1,123.5667,-8.64,97,76,2.98
395,Trinidad,BO,2022-02-06 12:42:43,-14.8333,-64.9,71.58,100,100,10.36
396,Bac Lieu,VN,2022-02-06 12:42:43,9.285,105.7244,79.3,76,63,17.9
397,Osypenko,UA,2022-02-06 12:42:44,46.9136,36.8253,34.84,74,9,13.8
398,Lata,PT,2022-02-06 12:42:44,40.1629,-8.3327,63.72,27,81,5.3
399,Port Augusta,AU,2022-02-06 12:42:45,-32.5,137.7667,80.71,25,5,7.14
400,Nishihara,JP,2022-02-06 12:42:09,26.1842,127.7558,58.28,63,75,9.22
401,Jasper,US,2022-02-06 12:42:45,37.2001,-94.3502,32.05,67,0,1.99
402,Zhangye,CN,2022-02-06 12:42:46,38.9342,100.4517,17.8,86,100,3.06
403,Beringovskiy,RU,2022-02-06 12:42:46,63.05,179.3167,-15.14,97,21,10.56
404,Nicolae Balcescu,RO,2022-02-06 12:42:47,46.4667,26.9167,46.67,36,20,17.27
405,Bay Roberts,CA,2022-02-06 12:42:47,47.5999,-53.2648,19.33,78,100,11.99
406,Laranjeiras Do Sul,BR,2022-02-06 12:42:48,-25.4078,-52.4161,72.05,75,97,6.29
407,Kant,IN,2022-02-06 12:42:48,27.8,79.8,57.45,63,0,3.53
408,Bure,ET,2022-02-06 12:42:49,10.7,37.0667,78.31,25,73,8.23
409,Milkovo,RU,2022-02-06 12:43:49,54.7167,158.6167,13.41,92,100,6.78
410,Talaya,RU,2022-02-06 12:43:49,61.3833,152.75,-34.83,89,8,2.71
411,Minab,IR,2022-02-06 12:43:50,27.1467,57.0801,72.9,49,0,10.38
412,Nizwa,OM,2022-02-06 12:43:50,22.9333,57.5333,81.14,20,2,16.73
413,Rivers,CA,2022-02-06 12:43:51,50.0308,-100.2403,-8.45,96,11,6.51
414,Bacungan,PH,2022-02-06 12:43:51,9.9106,118.7022,77.54,80,100,4.38
415,Mocuba,MZ,2022-02-06 12:43:51,-16.8392,36.9856,81.0,78,68,9.8
416,Pryozerne,UA,2022-02-06 12:43:52,45.2698,36.3303,39.18,67,8,19.42
417,Chengde,CN,2022-02-06 12:43:52,40.9725,117.9361,22.06,44,1,4.29
418,Wagar,SD,2022-02-06 12:43:53,16.1525,36.2032,84.24,16,0,14.41
419,Aykino,RU,2022-02-06 12:43:53,62.2248,49.9922,17.26,93,100,7.92
420,Luderitz,NA,2022-02-06 12:43:53,-26.6481,15.1594,74.32,68,17,13.24
421,Maragogi,BR,2022-02-06 12:43:54,-9.0122,-35.2225,84.25,62,97,9.55
422,Svetlyy,RU,2022-02-06 12:43:54,54.675,20.1347,39.96,97,100,22.24
423,Berlevag,NO,2022-02-06 12:43:55,70.8578,29.0864,23.83,84,63,23.44
424,Biltine,TD,2022-02-06 12:43:55,14.5333,20.9167,84.33,7,100,12.82
425,Soroti,UG,2022-02-06 12:43:56,1.7146,33.6111,88.54,24,98,6.82
426,Sirnak,TR,2022-02-06 12:43:56,37.5228,42.4594,41.07,72,37,0.04
427,Acarau,BR,2022-02-06 12:43:56,-2.8856,-40.12,85.1,64,46,12.3
428,Saldanha,ZA,2022-02-06 12:43:57,-33.0117,17.9442,84.25,66,18,10.87
429,Bokoro,TD,2022-02-06 12:43:57,12.3807,17.0568,88.36,11,0,10.33
430,Pineville,US,2022-02-06 12:43:57,31.3224,-92.4343,28.69,93,0,0.0
431,Pandan,PH,2022-02-06 12:43:58,14.0453,124.1694,77.47,85,34,17.74
432,Komsomolskiy,UZ,2022-02-06 12:43:58,40.4272,71.7189,43.52,75,75,16.11
433,Denpasar,ID,2022-02-06 12:42:24,-8.65,115.2167,80.26,88,75,5.75
434,Emporia,US,2022-02-06 12:43:59,38.4039,-96.1817,25.0,74,0,3.44
435,Peterhead,GB,2022-02-06 12:43:59,57.5058,-1.7981,40.1,64,40,28.7
436,Camapua,BR,2022-02-06 12:44:00,-19.5314,-54.0439,79.75,76,100,4.14
437,Luganville,VU,2022-02-06 12:44:00,-15.5333,167.1667,78.93,82,100,4.38
438,Kimbe,PG,2022-02-06 12:44:01,-5.5502,150.1429,78.4,90,42,1.41
439,Mayor Pablo Lagerenza,PY,2022-02-06 12:44:01,-19.9309,-60.7718,82.69,55,98,12.17
440,Kaitangata,NZ,2022-02-06 12:44:02,-46.2817,169.8464,43.75,87,0,2.04
441,West Point,US,2022-02-06 12:44:02,33.6076,-88.6503,21.27,97,0,0.0
442,Mizunami,JP,2022-02-06 12:44:03,35.3667,137.25,35.56,88,8,3.47
443,Saint-Pierre,RE,2022-02-06 12:44:03,-21.3393,55.4781,83.88,70,0,9.22
444,Saint-Gabriel,CA,2022-02-06 12:44:04,46.3001,-73.3824,-9.72,94,23,2.15
445,Half Moon Bay,US,2022-02-06 12:44:04,37.4636,-122.4286,53.29,72,0,0.0
446,Lavumisa,SZ,2022-02-06 12:44:05,-27.31,31.892,79.61,70,11,12.44
447,Mahenge,TZ,2022-02-06 12:44:05,-8.6833,36.7167,76.84,59,73,1.3
448,Riviere-Pilote,MQ,2022-02-06 12:44:06,14.4775,-60.9035,79.11,78,20,9.22
449,Petropavlovsk-Kamchatskiy,RU,2022-02-06 12:44:06,53.0452,158.6483,28.99,59,75,20.13
450,Touros,BR,2022-02-06 12:44:07,-5.1989,-35.4608,85.1,53,38,10.94
451,Kletskaya,RU,2022-02-06 12:44:08,49.3145,43.0584,24.08,95,100,6.26
452,Roma,US,2022-02-06 12:40:04,43.2128,-75.4557,10.09,79,0,5.75
453,Two Rivers,US,2022-02-06 12:44:08,44.1539,-87.5693,24.06,79,20,4.61
454,Pasco,US,2022-02-06 12:44:09,28.292,-82.4165,56.17,82,100,1.01
455,Kununurra,AU,2022-02-06 12:44:10,-15.7667,128.7333,78.78,89,100,10.36
456,Buchanan,LR,2022-02-06 12:44:10,5.8808,-10.0467,89.56,61,35,8.03
457,Selkirk,CA,2022-02-06 12:45:08,50.1436,-96.8845,-4.0,83,99,8.32
458,Santa Rosa,PH,2022-02-06 12:45:11,14.3122,121.1114,81.1,76,76,15.08
459,Acapulco,MX,2022-02-06 12:45:12,16.8634,-99.8901,72.43,67,4,4.21
460,Evensk,RU,2022-02-06 12:45:12,61.95,159.2333,6.48,60,0,12.21
461,Shingu,JP,2022-02-06 12:45:13,33.7333,135.9833,39.9,59,4,7.74
462,Timra,SE,2022-02-06 12:45:13,62.487,17.3257,31.68,94,95,0.0
463,Maniwaki,CA,2022-02-06 12:45:14,46.3834,-75.966,-0.02,71,100,0.0
464,Ullapool,GB,2022-02-06 12:45:14,57.8987,-5.1604,40.35,73,100,22.28
465,Porto Seguro,BR,2022-02-06 12:45:14,-16.4497,-39.0647,81.12,83,75,2.3
466,Coquimbo,CL,2022-02-06 12:44:04,-29.9533,-71.3436,66.52,78,18,5.99
467,Roros,NO,2022-02-06 12:45:15,62.5747,11.3842,28.24,50,0,5.75
468,Pathein,MM,2022-02-06 12:45:16,16.7833,94.7333,71.04,81,61,6.89
469,Zhanaozen,KZ,2022-02-06 12:45:17,43.3,52.8,35.13,52,97,15.19
470,Sena Madureira,BR,2022-02-06 12:45:17,-9.0656,-68.6569,75.24,91,100,1.34
471,Keetmanshoop,NA,2022-02-06 12:45:18,-26.5833,18.1333,93.24,21,100,13.13
472,Lubao,PH,2022-02-06 12:45:18,14.9167,120.55,81.14,77,35,15.55
473,Koulamoutou,GA,2022-02-06 12:45:19,-1.1303,12.4736,93.54,34,83,2.84
474,Harper,LR,2022-02-06 12:45:19,4.375,-7.7169,83.46,70,56,7.07
475,Sinnar,SD,2022-02-06 12:45:19,13.5691,33.5672,83.86,10,1,14.83
476,Nanakuli,US,2022-02-06 12:45:20,21.3906,-158.1547,73.35,78,0,3.44
477,Acari,PE,2022-02-06 12:45:21,-15.4311,-74.6158,73.85,70,80,4.03
478,Xingcheng,CN,2022-02-06 12:45:21,40.6167,120.7167,14.23,85,9,4.7
479,Namikupa,TZ,2022-02-06 12:45:21,-10.8333,39.6,84.45,60,100,6.15
480,Blackwater,AU,2022-02-06 12:45:22,-23.5833,148.8833,74.55,58,87,14.63
481,Mehran,IR,2022-02-06 12:45:22,33.1222,46.1646,60.28,32,1,15.48
482,Adrar,MR,2022-02-06 12:45:23,20.5022,-10.0711,81.93,6,0,11.41
483,Quatre Cocos,MU,2022-02-06 12:45:23,-20.2078,57.7625,84.31,76,60,13.0
484,Vao,NC,2022-02-06 12:45:24,-22.6667,167.4833,79.66,88,62,5.64
485,Camacha,PT,2022-02-06 12:45:24,33.0833,-16.3333,61.54,67,75,25.32
486,Oceanside,US,2022-02-06 12:41:16,33.1959,-117.3795,60.04,36,0,3.44
487,Sheridan,US,2022-02-06 12:45:25,44.8333,-106.9173,34.18,59,75,14.97
488,Dolny Kubin,SK,2022-02-06 12:45:26,49.2098,19.3034,40.41,97,100,7.9
489,Tiquisio,CO,2022-02-06 12:45:26,8.5597,-74.2669,76.75,80,6,0.58
490,Tautira,PF,2022-02-06 12:45:26,-17.7333,-149.15,80.62,77,49,22.68
491,Tamandare,BR,2022-02-06 12:45:27,-8.7597,-35.1047,84.78,59,100,9.55
492,Bubaque,GW,2022-02-06 12:45:27,11.2833,-15.8333,77.85,62,19,4.94
493,Kovdor,RU,2022-02-06 12:45:28,67.5662,30.4758,12.52,94,72,6.08
494,Tiznit,MA,2022-02-06 12:45:28,29.5833,-9.5,74.95,13,7,1.63
495,Fort Wellington,GY,2022-02-06 12:45:29,6.4,-57.6,78.13,88,99,7.61
496,Forestville,US,2022-02-06 12:43:03,38.8451,-76.875,25.65,74,0,3.44
497,Uyuni,BO,2022-02-06 12:45:30,-20.4597,-66.825,53.28,45,18,9.22
498,Comodoro Rivadavia,AR,2022-02-06 12:46:30,-45.8667,-67.5,73.26,38,0,9.22
499,Pimentel,PE,2022-02-06 12:46:31,-6.8367,-79.9342,66.49,88,20,6.91
500,Harer,ET,2022-02-06 12:46:31,9.3094,42.1258,76.03,24,100,14.23
501,Amarante Do Maranhao,BR,2022-02-06 12:46:31,-5.5667,-46.7422,81.63,73,99,3.09
502,Sinnamary,GF,2022-02-06 12:46:32,5.3833,-52.95,80.1,84,100,8.08
503,Broome,US,2022-02-06 12:46:33,42.2506,-75.833,7.65,85,0,1.99
504,Ndjole,GA,2022-02-06 12:46:33,-0.1783,10.7649,93.18,46,50,3.76
505,Naze,JP,2022-02-06 12:46:34,28.3667,129.4833,52.09,67,100,12.8
506,Charleston,US,2022-02-06 12:44:26,32.7766,-79.9309,41.09,70,100,5.01
507,Carmen,MX,2022-02-06 12:46:34,18.6333,-91.8333,68.04,94,100,5.75
508,Guanare,VE,2022-02-06 12:46:35,9.0418,-69.7421,75.22,69,46,2.3
509,Hofn,IS,2022-02-06 12:46:35,64.2539,-15.2082,31.28,59,0,13.71
510,Aykhal,RU,2022-02-06 12:46:36,66.0,111.5,-9.45,99,100,4.54
511,Alofi,NU,2022-02-06 12:46:36,-19.0595,-169.9187,71.49,100,100,3.44
512,Aleksandrovskoye,RU,2022-02-06 12:46:36,44.7142,43.0008,41.14,41,100,9.26
513,Novogurovskiy,RU,2022-02-06 12:46:37,54.4678,37.3428,29.79,96,97,6.51
514,Meulaboh,ID,2022-02-06 12:46:37,4.1363,96.1285,78.67,86,65,7.31
515,Arnedo,ES,2022-02-06 12:46:38,42.2167,-2.1,56.43,39,100,8.97
516,Noumea,NC,2022-02-06 12:46:38,-22.2763,166.4572,76.98,90,100,3.91
517,Pingliang,CN,2022-02-06 12:46:39,35.5392,106.6861,10.4,98,88,4.05
518,Abu Kamal,SY,2022-02-06 12:46:39,34.4506,40.9171,60.21,35,12,12.17
519,Clonakilty,IE,2022-02-06 12:46:39,51.6231,-8.8706,51.1,82,91,22.53
520,Port Hardy,CA,2022-02-06 12:45:23,50.6996,-127.4199,47.75,87,100,6.91
521,Vilhena,BR,2022-02-06 12:46:40,-12.7406,-60.1458,73.62,94,20,6.91
522,Kenai,US,2022-02-06 12:46:40,60.5544,-151.2583,21.15,92,0,0.0
523,Yulara,AU,2022-02-06 12:46:41,-25.2406,130.9889,78.64,25,0,5.75
524,Yerbogachen,RU,2022-02-06 12:46:41,61.2767,108.0108,-3.05,100,92,3.11
525,Navolato,MX,2022-02-06 12:46:42,24.7672,-107.6944,54.12,97,0,4.16
526,Hobyo,SO,2022-02-06 12:46:43,5.3505,48.5268,80.47,57,2,15.17
527,Kharan,PK,2022-02-06 12:44:23,28.5833,65.4167,70.03,30,21,7.05
528,Sabha,LY,2022-02-06 12:46:43,27.0377,14.4283,70.3,14,20,7.38
529,Reus,ES,2022-02-06 12:46:44,41.1561,1.1069,60.08,41,0,8.01
530,Honningsvag,NO,2022-02-06 12:46:44,70.9821,25.9704,30.0,74,94,31.38
531,Tucuma,BR,2022-02-06 12:46:45,-0.1833,-50.05,78.44,89,98,4.9
532,Portland,US,2022-02-06 12:44:06,45.5234,-122.6762,43.18,93,100,10.0
533,Bremerton,US,2022-02-06 12:46:05,47.5673,-122.6326,41.85,90,0,0.0
534,Mitu,CO,2022-02-06 12:46:45,1.1983,-70.1733,74.75,83,71,1.25
535,Ketchikan,US,2022-02-06 12:46:46,55.3422,-131.6461,45.07,93,100,20.71
536,Santa Ana,US,2022-02-06 12:45:56,33.7456,-117.8678,63.63,31,0,4.61
537,Egvekinot,RU,2022-02-06 12:46:46,66.3167,-179.1667,-13.58,87,9,7.83
538,Sur,OM,2022-02-06 12:46:47,22.5667,59.5289,73.69,70,0,15.28
539,Gat,IL,2022-02-06 12:46:47,31.61,34.7642,58.82,100,81,10.65
540,Odweyne,SO,2022-02-06 12:46:48,9.4092,45.064,84.83,24,100,11.79
541,Laurinburg,US,2022-02-06 12:46:48,34.7741,-79.4628,32.88,70,0,8.05
542,Srednekolymsk,RU,2022-02-06 12:47:49,67.45,153.6833,-36.47,100,28,1.72
543,Riorges,FR,2022-02-06 12:47:49,46.0418,4.0497,46.72,67,100,13.31
544,Rach Gia,VN,2022-02-06 12:47:50,10.0167,105.0833,82.35,62,89,8.88
545,Ruteng,ID,2022-02-06 12:47:50,-8.6136,120.4721,63.97,93,32,2.04
546,Umbertide,IT,2022-02-06 12:47:51,43.3055,12.3366,60.58,72,0,7.87
547,Bara,NG,2022-02-06 12:47:52,10.3744,10.7288,90.36,13,4,9.8
548,Manyana,BW,2022-02-06 12:47:53,-23.4,21.7167,87.49,28,27,12.01
549,Dudinka,RU,2022-02-06 12:47:53,69.4058,86.1778,-30.96,100,18,3.62
550,Tilichiki,RU,2022-02-06 12:47:54,60.4667,166.1,-12.41,86,37,9.08
551,Maniitsoq,GL,2022-02-06 12:47:54,65.4167,-52.9,1.92,81,100,11.05
552,Oxbow,CA,2022-02-06 12:47:55,49.2333,-102.1676,3.15,82,12,7.02
553,Areia Branca,BR,2022-02-06 12:47:55,-4.9561,-37.1369,86.25,54,24,11.23
554,Yelbarga,IN,2022-02-06 12:47:55,15.6333,76.0167,81.36,37,22,4.81
555,Gambela,ET,2022-02-06 12:47:56,8.25,34.5833,98.02,16,64,7.72
556,Kralendijk,BQ,2022-02-06 12:47:56,12.15,-68.2667,75.18,88,75,5.75
557,Fort-Shevchenko,KZ,2022-02-06 12:47:57,44.5086,50.263,34.29,68,99,15.9
558,Gouyave,GD,2022-02-06 12:47:57,12.1646,-61.7296,81.37,74,20,5.75
